UserID,SongID,Happy_Sad_Ratio,Title
101,2,1.4285714285714286,Lazy Eye
102,2,1.3333333333333333,Lazy Eye
108,1,4.0,NYC
108,4,4.0,Divine Hammer
110,4,2.3333333333333335,Divine Hammer
